model_name,train_time,precision,recall,f1,roc_auc,params
XGBoost,11.784575939178467,1.0,0.9959514170040485,0.9979716024340771,0.9999710815500289,"{'learning_rate': 0.1, 'max_depth': 6, 'n_estimators': 100, 'subsample': 0.8}"
LogisticRegression,1.5535380840301514,1.0,0.9919028340080972,0.9959349593495935,0.9999894842000105,
RandomForest,2.759526014328003,0.997946611909651,0.9838056680161943,0.9908256880733946,0.9999185025500815,"{'max_depth': 20, 'max_features': 'sqrt', 'n_estimators': 100}"
